,gene SYMBOL,Ensembl Gene ID
1,BAD,ENSG00000002330
2,LAP3,ENSG00000002549
3,NDUFAF7,ENSG00000003509
4,SARM1,ENSG00000004139
5,POLDIP2,ENSG00000004142
6,AK2,ENSG00000004455
7,FKBP4,ENSG00000004478
8,NDUFAB1,ENSG00000004779
9,HCCS,ENSG00000004961
10,CCDC109B,ENSG00000005059
11,LIG3,ENSG00000005156
12,CIAPIN1,ENSG00000005194
13,PRKAR2B,ENSG00000005249
14,BZRAP1,ENSG00000005379
15,MPO,ENSG00000005381
16,CROT,ENSG00000005469
17,AGK,ENSG00000006530
18,COX10,ENSG00000006695
19,ELAC2,ENSG00000006744
20,DNAJC11,ENSG00000007923
21,AASS,ENSG00000008311
22,MGST1,ENSG00000008394
23,CSDE1,ENSG00000009307
24,TTC19,ENSG00000011295
25,LARS2,ENSG00000011376
26,CAPN1,ENSG00000014216
27,MDH1,ENSG00000014641
28,COX15,ENSG00000014919
29,BID,ENSG00000015475
30,ISL1,ENSG00000016082
31,CHDH,ENSG00000016391
32,AGPS,ENSG00000018510
33,CYP24A1,ENSG00000019186
34,CPS1,ENSG00000021826
35,NDUFS1,ENSG00000023228
36,GLRX2,ENSG00000023572
37,TOMM34,ENSG00000025772
38,MIPEP,ENSG00000027001
39,VRK2,ENSG00000028116
40,TFB1M,ENSG00000029639
41,BAK1,ENSG00000030110
42,GRN,ENSG00000030582
43,SARS,ENSG00000031698
44,ABCF2,ENSG00000033050
45,MYOC,ENSG00000034971
46,FAM136A,ENSG00000035141
47,STAP1,ENSG00000035720
48,MYOM2,ENSG00000036448
49,OTC,ENSG00000036473
50,MAT2B,ENSG00000038274
51,RAI14,ENSG00000039560
52,PANK1,ENSG00000152782
53,TRIT1,ENSG00000043514
54,CTPS2,ENSG00000047230
55,MRPS10,ENSG00000048544
56,H6PD,ENSG00000049239
57,PTCD2,ENSG00000049883
58,MCUR1,ENSG00000050393
59,LETMD1,ENSG00000050426
60,RAD51,ENSG00000051180
61,CYBA,ENSG00000051523
62,HEBP2,ENSG00000051620
63,AKR7A2,ENSG00000053371
64,KIF1B,ENSG00000054523
65,SYNE2,ENSG00000054654
66,GALC,ENSG00000054983
67,MRPL43,ENSG00000055950
68,ATG5,ENSG00000057663
69,ALDH18A1,ENSG00000059573
70,GATB,ENSG00000059691
71,MPC1,ENSG00000060762
72,MRPS35,ENSG00000061794
73,DGAT2,ENSG00000062282
74,CS,ENSG00000062485
75,MRPS24,ENSG00000062582
76,ISOC2,ENSG00000063241
77,ADCK1,ENSG00000063761
78,HAGH,ENSG00000063854
79,CASP8,ENSG00000064012
80,CTSA,ENSG00000064601
81,EYA2,ENSG00000064655
82,NTHL1,ENSG00000065057
83,OAT,ENSG00000065154
84,KARS,ENSG00000065427
85,NDUFB4,ENSG00000065518
86,MTFR1,ENSG00000066855
87,FECH,ENSG00000066926
88,PKM,ENSG00000067225
89,DHX29,ENSG00000067248
90,RRP15,ENSG00000067533
91,IARS2,ENSG00000067704
92,COASY,ENSG00000068120
93,REEP1,ENSG00000068615
94,CECR5,ENSG00000069998
95,SLC44A1,ENSG00000070214
96,CHAT,ENSG00000070748
97,CAMK2A,ENSG00000070808
98,PRKACA,ENSG00000072062
99,ALDH3A2,ENSG00000072210
100,TFRC,ENSG00000072274
101,AFF4,ENSG00000072364
102,HSD17B10,ENSG00000072506
103,MARK2,ENSG00000072518
104,TRNT1,ENSG00000072756
105,ACADVL,ENSG00000072778
106,SDHA,ENSG00000073578
107,MRPS34,ENSG00000074071
108,BCS1L,ENSG00000074582
109,SRI,ENSG00000075142
110,ACAT1,ENSG00000075239
111,GRAMD4,ENSG00000075240
112,TIMM21,ENSG00000075336
113,SLC25A3,ENSG00000075415
114,REXO2,ENSG00000076043
115,UNG,ENSG00000076248
116,POLD3,ENSG00000077514
117,SLC25A43,ENSG00000077713
118,MCCC1,ENSG00000078070
119,NRD1,ENSG00000078618
120,RUNX1T1,ENSG00000079102
121,SLC1A3,ENSG00000079215
122,CPOX,ENSG00000080819
123,KIAA0141,ENSG00000081791
124,PGR,ENSG00000082175
125,MRPL22,ENSG00000082515
126,LYRM2,ENSG00000083099
127,BCKDHB,ENSG00000083123
128,CHMP2B,ENSG00000083937
129,STARD7,ENSG00000084090
130,NOA1,ENSG00000084092
131,GSTP1,ENSG00000084207
132,GCKR,ENSG00000084734
133,HADHA,ENSG00000084754
134,MTIF2,ENSG00000085760
135,DNAJA1,ENSG00000086061
136,MRPL28,ENSG00000086504
137,NOX4,ENSG00000086991
138,ACOX3,ENSG00000087008
139,PPP1R15A,ENSG00000087074
140,BAX,ENSG00000087088
141,PGS1,ENSG00000087157
142,MMP2,ENSG00000087245
143,NOP14,ENSG00000087269
144,L2HGDH,ENSG00000087299
145,DNM1L,ENSG00000087470
146,COQ9,ENSG00000088682
147,CRLS1,ENSG00000088766
148,MAVS,ENSG00000088888
149,DYNLL1,ENSG00000088986
150,SLC8B1,ENSG00000089060
151,SIRT4,ENSG00000089163
152,NOS1,ENSG00000089250
153,DHX32,ENSG00000089876
154,SLC9A1,ENSG00000090020
155,MRPS33,ENSG00000090263
156,NDUFB2,ENSG00000090266
157,MUL1,ENSG00000090432
158,USP48,ENSG00000090686
159,PDPR,ENSG00000090857
160,DLD,ENSG00000091140
161,FH,ENSG00000091483
162,DPYSL2,ENSG00000092964
163,COMT,ENSG00000093010
164,CRAT,ENSG00000095321
165,HIVEP1,ENSG00000095951
166,MRPS18A,ENSG00000096080
167,HSP90AB1,ENSG00000096384
168,SIRT1,ENSG00000096717
169,ABL1,ENSG00000097007
170,ACOT7,ENSG00000097021
171,SH3GLB1,ENSG00000097033
172,ATP5D,ENSG00000099624
173,NDUFB7,ENSG00000099795
174,TIMM13,ENSG00000099800
175,POLRMT,ENSG00000099821
176,ZDHHC8,ENSG00000099904
177,BCL2L13,ENSG00000099968
178,PRODH,ENSG00000100033
179,SLC25A1,ENSG00000100075
180,GCAT,ENSG00000100116
181,SOX10,ENSG00000100146
182,PICK1,ENSG00000100151
183,CYP2D6,ENSG00000100197
184,HSCB,ENSG00000100209
185,TOMM22,ENSG00000100216
186,FBXO7,ENSG00000100225
187,BIK,ENSG00000100290
188,MCAT,ENSG00000100294
189,TSPO,ENSG00000100300
190,MIEF1,ENSG00000100335
191,SAMM50,ENSG00000100347
192,TXN2,ENSG00000100348
193,SLC25A17,ENSG00000100372
194,ACO2,ENSG00000100412
195,TRMU,ENSG00000100416
196,CERK,ENSG00000100422
197,TIMM9,ENSG00000100575
198,GSTZ1,ENSG00000100577
199,SPTLC2,ENSG00000100596
200,ALKBH1,ENSG00000100601
201,APEX1,ENSG00000100823
202,PCK2,ENSG00000100889
203,UQCC1,ENSG00000101019
204,PFDN4,ENSG00000101132
205,DNAJC5,ENSG00000101152
206,MTG2,ENSG00000101181
207,NTSR1,ENSG00000101188
208,NDUFAF5,ENSG00000101247
209,CDS2,ENSG00000101290
210,SNPH,ENSG00000101298
211,PAK7,ENSG00000101349
212,ACOT8,ENSG00000101473
213,RBFA,ENSG00000101546
214,ABCD1,ENSG00000101986
215,ASB9,ENSG00000102048
216,TAZ,ENSG00000102125
217,RAB40AL,ENSG00000102128
218,PIN4,ENSG00000102309
219,NDFIP2,ENSG00000102471
220,MRPS31,ENSG00000102738
221,VWA8,ENSG00000102763
222,IRG1,ENSG00000102794
223,OLFM4,ENSG00000102837
224,LYRM1,ENSG00000102897
225,ARL2BP,ENSG00000102931
226,DHODH,ENSG00000102967
227,NDRG4,ENSG00000103034
228,PLA2G15,ENSG00000103066
229,CMC2,ENSG00000103121
230,MLYCD,ENSG00000103150
231,MPG,ENSG00000103152
232,HSDL1,ENSG00000103160
233,CRYM,ENSG00000103316
234,EARS2,ENSG00000103356
235,DNAJA3,ENSG00000103423
236,PYCARD,ENSG00000103490
237,BCKDK,ENSG00000103507
238,LACTB,ENSG00000103642
239,MTFMT,ENSG00000103707
240,BMF,ENSG00000104081
241,DECR1,ENSG00000104325
242,GDAP1,ENSG00000104381
243,EMC2,ENSG00000104412
244,ARMC1,ENSG00000104442
245,GSR,ENSG00000104687
246,TUSC3,ENSG00000104723
247,ECH1,ENSG00000104823
248,SARS2,ENSG00000104835
249,TRMT1,ENSG00000104907
250,DMPK,ENSG00000104936
251,TIMM44,ENSG00000104980
252,FAM32A,ENSG00000105058
253,AKAP8,ENSG00000105127
254,URI1,ENSG00000105176
255,TIMM50,ENSG00000105197
256,ATP5SL,ENSG00000105341
257,MRPL4,ENSG00000105364
258,ETFB,ENSG00000105379
259,LIG1,ENSG00000105486
260,PPP2R1A,ENSG00000105568
261,GCDH,ENSG00000105607
262,FKBP8,ENSG00000105701
263,ETHE1,ENSG00000105755
264,GTPBP10,ENSG00000105793
265,PON2,ENSG00000105854
266,CAV1,ENSG00000105974
267,IQCE,ENSG00000106012
268,SSBP1,ENSG00000106028
269,HIBADH,ENSG00000106049
270,ABHD11,ENSG00000106077
271,GARS,ENSG00000106105
272,CASP2,ENSG00000106144
273,PTCD1,ENSG00000106246
274,NUDT1,ENSG00000106268
275,MYL10,ENSG00000106436
276,AGR2,ENSG00000106541
277,CHCHD3,ENSG00000106554
278,MRPL32,ENSG00000106591
279,COA1,ENSG00000106603
280,GCK,ENSG00000106633
281,YKT6,ENSG00000106636
282,PLGRKT,ENSG00000107020
283,PHYH,ENSG00000107537
284,MICU1,ENSG00000107745
285,C10orf2,ENSG00000107815
286,GBF1,ENSG00000107862
287,MTPAP,ENSG00000107951
288,PITRM1,ENSG00000107959
289,TFAM,ENSG00000108064
290,PPIF,ENSG00000108179
291,RAD51C,ENSG00000108384
292,Sep-04,ENSG00000108387
293,SLC25A11,ENSG00000108528
294,RAI1,ENSG00000108557
295,C1QBP,ENSG00000108561
296,DRG2,ENSG00000108591
297,AKAP10,ENSG00000108599
298,MRPL27,ENSG00000108826
299,VAT1,ENSG00000108828
300,LRRC59,ENSG00000108829
301,ALDOC,ENSG00000109107
302,OCIAD1,ENSG00000109180
303,NFKB1,ENSG00000109320
304,NDUFC1,ENSG00000109390
305,ANXA10,ENSG00000109511
306,AADAT,ENSG00000109576
307,CRYAB,ENSG00000109846
308,MTCH2,ENSG00000109919
309,DNAJC4,ENSG00000110011
310,DCPS,ENSG00000110063
311,FOXRED1,ENSG00000110074
312,PDHX,ENSG00000110435
313,AMBRA1,ENSG00000110497
314,PTPMT1,ENSG00000110536
315,NDUFS8,ENSG00000110717
316,TCIRG1,ENSG00000110719
317,COQ5,ENSG00000110871
318,DAO,ENSG00000110887
319,CAPRIN2,ENSG00000110888
320,SLC11A2,ENSG00000110911
321,ATP5B,ENSG00000110955
322,CYP27B1,ENSG00000111012
323,ACSS3,ENSG00000111058
324,ELK3,ENSG00000111145
325,ACAD10,ENSG00000111271
326,MRPL51,ENSG00000111639
327,NT5DC3,ENSG00000111696
328,TMEM14C,ENSG00000111843
329,HDDC2,ENSG00000111906
330,HINT3,ENSG00000111911
331,FAM65B,ENSG00000111913
332,SOD2,ENSG00000112096
333,MRPL18,ENSG00000112110
334,FBXL4,ENSG00000112234
335,WASF1,ENSG00000112290
336,ALDH5A1,ENSG00000112294
337,ACOT13,ENSG00000112304
338,PERP,ENSG00000112378
339,PACRG,ENSG00000112530
340,MRPL2,ENSG00000112651
341,GHR,ENSG00000112964
342,BRD8,ENSG00000112983
343,NNT,ENSG00000112992
344,MRPS30,ENSG00000112996
345,MRPS27,ENSG00000113048
346,COL4A3BP,ENSG00000113163
347,THG1L,ENSG00000113272
348,ARSB,ENSG00000113273
349,GOLPH3,ENSG00000113384
350,AGXT2,ENSG00000113492
351,PPP2CA,ENSG00000113575
352,NR3C1,ENSG00000113580
353,RARS,ENSG00000113643
354,BNIP1,ENSG00000113734
355,EHHADH,ENSG00000113790
356,TIMMDC1,ENSG00000113845
357,NIT2,ENSG00000114021
358,FAM162A,ENSG00000114023
359,OGG1,ENSG00000114026
360,PCCB,ENSG00000114054
361,TUSC2,ENSG00000114383
362,ATP6V1A,ENSG00000114573
363,MRPL3,ENSG00000114686
364,HEMK1,ENSG00000114735
365,TNNC1,ENSG00000114854
366,DGUOK,ENSG00000114956
367,DNAJC27,ENSG00000115137
368,GPD2,ENSG00000115159
369,MPV17,ENSG00000115204
370,NDUFS7,ENSG00000115286
371,HTRA2,ENSG00000115317
372,ACADL,ENSG00000115361
373,MRPL19,ENSG00000115364
374,PECR,ENSG00000115425
375,EFHD1,ENSG00000115468
376,HSPE1,ENSG00000115541
377,UXS1,ENSG00000115652
378,ABCB6,ENSG00000115657
379,TPO,ENSG00000115705
380,RMDN2,ENSG00000115841
381,KYNU,ENSG00000115919
382,ATF2,ENSG00000115966
383,TRAK2,ENSG00000115993
384,SPR,ENSG00000116096
385,EPHA4,ENSG00000116106
386,SCP2,ENSG00000116171
387,MRPL37,ENSG00000116221
388,PARK7,ENSG00000116288
389,MECR,ENSG00000116353
390,ATP5F1,ENSG00000116459
391,PLA2G4A,ENSG00000116711
392,RGS2,ENSG00000116741
393,AGMAT,ENSG00000116771
394,ADPRHL2,ENSG00000116863
395,WARS2,ENSG00000116874
396,HAO2,ENSG00000116882
397,MRPS15,ENSG00000116898
398,GNPAT,ENSG00000116906
399,KMO,ENSG00000117009
400,ACADM,ENSG00000117054
401,SDHB,ENSG00000117118
402,HMGCL,ENSG00000117305
403,NSUN4,ENSG00000117481
404,ABCD3,ENSG00000117528
405,DARS2,ENSG00000117593
406,MTFR1L,ENSG00000117640
407,CD3EAP,ENSG00000117877
408,CTSD,ENSG00000117984
409,STK11,ENSG00000118046
410,FASTKD2,ENSG00000118246
411,CREB1,ENSG00000118260
412,RAB32,ENSG00000118508
413,ABCG2,ENSG00000118777
414,PPL,ENSG00000118898
415,NDUFB3,ENSG00000119013
416,HEATR1,ENSG00000119285
417,NDUFA8,ENSG00000119421
418,HDHD3,ENSG00000119431
419,HSDL2,ENSG00000119471
420,ACOT2,ENSG00000119673
421,DLST,ENSG00000119689
422,SLIRP,ENSG00000119705
423,ALDH6A1,ENSG00000119711
424,COQ6,ENSG00000119723
425,IDE,ENSG00000119912
426,IFIT3,ENSG00000119917
427,GPAM,ENSG00000119927
428,MRPS14,ENSG00000120333
429,TP53AIP1,ENSG00000120471
430,MTERF2,ENSG00000120832
431,CLU,ENSG00000120885
432,UBIAD1,ENSG00000120942
433,LYPLA1,ENSG00000120992
434,AKAP1,ENSG00000121057
435,CEP89,ENSG00000121289
436,MAPK8IP1,ENSG00000121653
437,CAT,ENSG00000121691
438,TBC1D15,ENSG00000121749
439,LIAS,ENSG00000121897
440,MTIF3,ENSG00000122033
441,MTERF4,ENSG00000122085
442,MRPS2,ENSG00000122140
443,SERAC1,ENSG00000122335
444,FAM213A,ENSG00000122378
445,ZMIZ2,ENSG00000122515
446,NT5C3A,ENSG00000122643
447,FTSJ2,ENSG00000122687
448,SLC25A51,ENSG00000122696
449,P4HA1,ENSG00000122884
450,SLC25A16,ENSG00000122912
451,ACADS,ENSG00000122971
452,ACOT9,ENSG00000123130
453,ATP7B,ENSG00000123191
454,NLN,ENSG00000123213
455,TSFM,ENSG00000123297
456,SARDH,ENSG00000123453
457,ATPAF1,ENSG00000123472
458,NDUFAF4,ENSG00000123545
459,G0S2,ENSG00000123689
460,CHPF,ENSG00000123989
461,FASTKD3,ENSG00000124279
462,MCEE,ENSG00000124370
463,HIF3A,ENSG00000124440
464,SIRT5,ENSG00000124523
465,MRS2,ENSG00000124532
466,AARS2,ENSG00000124608
467,SOX4,ENSG00000124766
468,SLC35B3,ENSG00000124786
469,GOT2,ENSG00000125166
470,CLYBL,ENSG00000125246
471,NDUFA1,ENSG00000125356
472,ATP5S,ENSG00000125375
473,MRPS7,ENSG00000125445
474,SLC25A19,ENSG00000125454
475,MSTO1,ENSG00000125459
476,CHCHD5,ENSG00000125611
477,ALKBH7,ENSG00000125652
478,CLPP,ENSG00000125656
479,OPA3,ENSG00000125741
480,PANK2,ENSG00000125779
481,BFSP1,ENSG00000125864
482,MGME1,ENSG00000125871
483,MRPS26,ENSG00000125901
484,ROMO1,ENSG00000125995
485,XRCC3,ENSG00000126215
486,THRA,ENSG00000126351
487,PRDX5,ENSG00000126432
488,BECN1,ENSG00000126581
489,TRAP1,ENSG00000126602
490,IFI6,ENSG00000126709
491,ELK1,ENSG00000126767
492,ATG14,ENSG00000126775
493,TRMT5,ENSG00000126814
494,TIMM8A,ENSG00000126953
495,CANX,ENSG00000127022
496,COX7C,ENSG00000127184
497,PIN1,ENSG00000127445
498,GFER,ENSG00000127554
499,PNKD,ENSG00000127838
500,ECHS1,ENSG00000127884
501,POR,ENSG00000127948
502,MTERF1,ENSG00000127989
503,CCDC136,ENSG00000128596
504,NDUFA5,ENSG00000128609
505,MRPS12,ENSG00000128626
506,MTX2,ENSG00000128654
507,OSGEPL1,ENSG00000128694
508,HERC2,ENSG00000128731
509,IVD,ENSG00000128928
510,DUT,ENSG00000128951
511,PALLD,ENSG00000129116
512,BBOX1,ENSG00000129151
513,MPDU1,ENSG00000129255
514,ILF3,ENSG00000129351
515,MTUS1,ENSG00000129422
516,RIPK3,ENSG00000129465
517,GNL3L,ENSG00000130119
518,ECSIT,ENSG00000130159
519,GTPBP3,ENSG00000130299
520,SLC27A1,ENSG00000130304
521,MRPL34,ENSG00000130312
522,RTN4IP1,ENSG00000130347
523,QRSL1,ENSG00000130348
524,C6orf203,ENSG00000130349
525,ACSBG2,ENSG00000130377
526,NDUFA10,ENSG00000130414
527,KIAA1683,ENSG00000130518
528,CYP2E1,ENSG00000130649
529,PNPLA7,ENSG00000130653
530,ASS1,ENSG00000130707
531,ATG4D,ENSG00000130734
532,TMEM160,ENSG00000130748
533,SESN2,ENSG00000130766
534,ATPIF1,ENSG00000130770
535,C12orf65,ENSG00000130921
536,UBA1,ENSG00000130985
537,ATP6V1E1,ENSG00000131100
538,ABCB7,ENSG00000131269
539,TRAF3,ENSG00000131323
540,MRPS25,ENSG00000131368
541,SH3BP5,ENSG00000131370
542,ACLY,ENSG00000131473
543,VPS25,ENSG00000131475
544,NDUFA2,ENSG00000131495
545,STARD3,ENSG00000131748
546,MCCC2,ENSG00000131844
547,C19orf12,ENSG00000131943
548,LGALS3,ENSG00000131981
549,DHX30,ENSG00000132153
550,ENOSF1,ENSG00000132199
551,PTCD3,ENSG00000132300
552,IMMT,ENSG00000132305
553,MRPL35,ENSG00000132313
554,EEFSEC,ENSG00000132394
555,COQ3,ENSG00000132423
556,GRSF1,ENSG00000132463
557,XAF1,ENSG00000132530
558,HRSP12,ENSG00000132541
559,PCBD2,ENSG00000132570
560,ERAL1,ENSG00000132591
561,DAP3,ENSG00000132676
562,MMACHC,ENSG00000132763
563,MUTYH,ENSG00000132781
564,DMGDH,ENSG00000132837
565,CASP9,ENSG00000132906
566,MYH10,ENSG00000133026
567,PEMT,ENSG00000133027
568,SPG20,ENSG00000133104
569,STARD13,ENSG00000133121
570,MACROD1,ENSG00000133315
571,LGALS12,ENSG00000133317
572,TMTC1,ENSG00000133687
573,KRAS,ENSG00000133703
574,HSD17B4,ENSG00000133835
575,DUSP26,ENSG00000133878
576,C14orf159,ENSG00000133943
577,COX16,ENSG00000133983
578,MRPS36,ENSG00000134056
579,CDK7,ENSG00000134058
580,HMGCS2,ENSG00000134240
581,NAPG,ENSG00000134265
582,RSAD2,ENSG00000134321
583,LPIN1,ENSG00000134324
584,CMPK2,ENSG00000134326
585,NARS,ENSG00000134440
586,ECHDC3,ENSG00000134463
587,TIMM10,ENSG00000134809
588,CARS2,ENSG00000134905
589,RFK,ENSG00000135002
590,ANXA1,ENSG00000135046
591,AGTPBP1,ENSG00000135049
592,ISCA1,ENSG00000135070
593,USP30,ENSG00000135093
594,HRK,ENSG00000135116
595,MTO1,ENSG00000135297
596,PRR5L,ENSG00000135362
597,AGAP2,ENSG00000135439
598,BLOC1S1,ENSG00000135441
599,LACE1,ENSG00000135537
600,CCT7,ENSG00000135624
601,RAB11FIP5,ENSG00000135631
602,ABCB10,ENSG00000135776
603,GLUL,ENSG00000135821
604,RNASEL,ENSG00000135828
605,MRPL44,ENSG00000135900
606,CYP27A1,ENSG00000135929
607,COX5B,ENSG00000135940
608,MRPS9,ENSG00000135972
609,ISCU,ENSG00000136003
610,TBRG4,ENSG00000136270
611,RSAD1,ENSG00000136444
612,TACO1,ENSG00000136463
613,NDUFB5,ENSG00000136521
614,MRPL47,ENSG00000136522
615,YME1L1,ENSG00000136758
616,TXN,ENSG00000136810
617,STXBP1,ENSG00000136854
618,STX17,ENSG00000136874
619,FPGS,ENSG00000136877
620,MRPL50,ENSG00000136897
621,NCBP1,ENSG00000136937
622,TMEM8B,ENSG00000137103
623,HINT2,ENSG00000137133
624,BPHL,ENSG00000137274
625,RIPK1,ENSG00000137275
626,UQCC2,ENSG00000137288
627,RNF144B,ENSG00000137393
628,MTCH1,ENSG00000137409
629,MGARP,ENSG00000137463
630,CCDC90B,ENSG00000137500
631,NARS2,ENSG00000137513
632,MRPL15,ENSG00000137547
633,FDX1,ENSG00000137714
634,CASP1,ENSG00000137752
635,SQRDL,ENSG00000137767
636,NDUFAF1,ENSG00000137806
637,RMDN3,ENSG00000137824
638,UACA,ENSG00000137831
639,BCL2L10,ENSG00000137875
640,CCBL2,ENSG00000137944
641,DBT,ENSG00000137992
642,HADHB,ENSG00000138029
643,PNPT1,ENSG00000138035
644,CYP1B1,ENSG00000138061
645,SLC3A1,ENSG00000138079
646,LRPPRC,ENSG00000138095
647,ATAD1,ENSG00000138138
648,DNA2,ENSG00000138346
649,ATIC,ENSG00000138363
650,FASTKD1,ENSG00000138399
651,COX17,ENSG00000138495
652,RAP1GDS1,ENSG00000138698
653,PPA2,ENSG00000138777
654,HADH,ENSG00000138796
655,PPP3CA,ENSG00000138814
656,GABARAPL1,ENSG00000139112
657,YARS2,ENSG00000139131
658,METTL20,ENSG00000139160
659,NDUFA9,ENSG00000139180
660,VAMP1,ENSG00000139190
661,PEX5,ENSG00000139197
662,MMAB,ENSG00000139428
663,TCHP,ENSG00000139437
664,SUOX,ENSG00000139531
665,C12orf10,ENSG00000139637
666,TMBIM6,ENSG00000139644
667,DCAF5,ENSG00000139990
668,ESR2,ENSG00000140009
669,SLC25A47,ENSG00000140107
670,SORD,ENSG00000140263
671,SLC27A2,ENSG00000140284
672,ETFA,ENSG00000140374
673,BCL2A1,ENSG00000140379
674,PIF1,ENSG00000140451
675,CYP11A1,ENSG00000140459
676,CYP1A1,ENSG00000140465
677,POLG,ENSG00000140521
678,UQCRC2,ENSG00000140740
679,ABCC12,ENSG00000140798
680,ZFHX3,ENSG00000140836
681,GCSH,ENSG00000140905
682,NOL3,ENSG00000140939
683,MAP1LC3B,ENSG00000140941
684,NDUFB10,ENSG00000140990
685,CLTC,ENSG00000141367
686,PTRH2,ENSG00000141378
687,AFG3L2,ENSG00000141385
688,TP53,ENSG00000141510
689,PMAIP1,ENSG00000141682
690,SIRT3,ENSG00000142082
691,SOD1,ENSG00000142168
692,CAPN10,ENSG00000142330
693,CTU1,ENSG00000142544
694,AZIN2,ENSG00000142920
695,ALDH9A1,ENSG00000143149
696,MPC2,ENSG00000143158
697,PPOX,ENSG00000143224
698,SDHC,ENSG00000143252
699,PFDN2,ENSG00000143256
700,MRPL24,ENSG00000143314
701,CASQ1,ENSG00000143318
702,TARS2,ENSG00000143374
703,MCL1,ENSG00000143384
704,PI4KB,ENSG00000143393
705,MRPL9,ENSG00000143436
706,JTB,ENSG00000143543
707,SLC27A3,ENSG00000143554
708,HAX1,ENSG00000143575
709,SCCPDH,ENSG00000143653
710,NVL,ENSG00000143748
711,DEGS1,ENSG00000143753
712,PARP1,ENSG00000143799
713,MRPS5,ENSG00000144029
714,SFXN5,ENSG00000144040
715,LIPT1,ENSG00000144182
716,HSPD1,ENSG00000144381
717,ABCA12,ENSG00000144452
718,RHBDD1,ENSG00000144468
719,TAMM41,ENSG00000144559
720,SLC25A38,ENSG00000144659
721,SLC25A26,ENSG00000144741
722,ABHD10,ENSG00000144827
723,AMT,ENSG00000145020
724,OCIAD2,ENSG00000145247
725,CABS1,ENSG00000145309
726,PYURF,ENSG00000145337
727,SPATA5,ENSG00000145375
728,CBR4,ENSG00000145439
729,NDUFS6,ENSG00000145494
730,SLC25A48,ENSG00000145832
731,FARS2,ENSG00000145982
732,HIGD2A,ENSG00000146066
733,MUT,ENSG00000146085
734,PRSS35,ENSG00000146250
735,RARS2,ENSG00000146282
736,MTFR2,ENSG00000146410
737,MDH2,ENSG00000146701
738,NDUFB11,ENSG00000147123
739,OGT,ENSG00000147162
740,GNRH1,ENSG00000147437
741,STAR,ENSG00000147465
742,PROSC,ENSG00000147471
743,ADHFE1,ENSG00000147576
744,MRPS28,ENSG00000147586
745,LACTB2,ENSG00000147592
746,SYBU,ENSG00000147642
747,NDUFB9,ENSG00000147684
748,GSDMC,ENSG00000147697
749,CDKN2A,ENSG00000147889
750,STOM,ENSG00000148175
751,MRRF,ENSG00000148187
752,SURF1,ENSG00000148290
753,PTGES2,ENSG00000148334
754,MSRB2,ENSG00000148450
755,PDSS1,ENSG00000148459
756,CYP17A1,ENSG00000148795
757,ADAM12,ENSG00000148848
758,IMMP1L,ENSG00000148950
759,GLYAT,ENSG00000149124
760,RPS3,ENSG00000149273
761,FADS1,ENSG00000149485
762,FEZ1,ENSG00000149557
763,MRPL49,ENSG00000149792
764,MPP7,ENSG00000150054
765,DLAT,ENSG00000150768
766,TIMM8B,ENSG00000150779
767,PTS,ENSG00000150787
768,FOXO1,ENSG00000150907
769,OXSM,ENSG00000151093
770,NUBPL,ENSG00000151413
771,ACAD8,ENSG00000151498
772,QDPR,ENSG00000151552
773,QTRTD1,ENSG00000151576
774,MMAA,ENSG00000151611
775,GUF1,ENSG00000151806
776,SACS,ENSG00000151835
777,ATP5A1,ENSG00000152234
778,NADK2,ENSG00000152620
779,GJA1,ENSG00000152661
780,SLC30A6,ENSG00000152683
781,SRP19,ENSG00000153037
782,BCL2L11,ENSG00000153094
783,RANBP2,ENSG00000153201
784,SLC25A27,ENSG00000153291
785,SPHKAP,ENSG00000153820
786,C6orf57,ENSG00000154079
787,NRGN,ENSG00000154146
788,TOMM70A,ENSG00000154174
789,LRRK1,ENSG00000154237
790,MRPL39,ENSG00000154719
791,ATP5J,ENSG00000154723
792,OXNAD1,ENSG00000154814
793,ACSS1,ENSG00000154930
794,APOOL,ENSG00000155008
795,AGPAT5,ENSG00000155189
796,PI4K2A,ENSG00000155252
797,DBI,ENSG00000155368
798,SLC16A1,ENSG00000155380
799,OXA1L,ENSG00000155463
800,PPARGC1B,ENSG00000155846
801,MED7,ENSG00000155868
802,RMND1,ENSG00000155906
803,MICU3,ENSG00000155970
804,MCU,ENSG00000156026
805,NDUFAF6,ENSG00000156170
806,C14orf2,ENSG00000156411
807,UQCRB,ENSG00000156467
808,MTERF3,ENSG00000156469
809,PPP2R2B,ENSG00000156475
810,SUPV3L1,ENSG00000156502
811,GLYATL2,ENSG00000156689
812,AIFM1,ENSG00000156709
813,MALSU1,ENSG00000156928
814,EXOG,ENSG00000157036
815,CPT2,ENSG00000157184
816,DHRS1,ENSG00000157379
817,MRPL17,ENSG00000158042
818,NIT1,ENSG00000158793
819,PINK1,ENSG00000158828
820,NDUFS2,ENSG00000158864
821,CCAR2,ENSG00000158941
822,MRPL10,ENSG00000159111
823,HLCS,ENSG00000159267
824,ALDH4A1,ENSG00000159423
825,THEM4,ENSG00000159445
826,CHCHD6,ENSG00000159685
827,CCDC58,ENSG00000160124
828,ABCG1,ENSG00000160179
829,NDUFV3,ENSG00000160194
830,C21orf33,ENSG00000160221
831,FLAD1,ENSG00000160688
832,SHC1,ENSG00000160691
833,NLRX1,ENSG00000160703
834,SLC25A44,ENSG00000160785
835,AP2M1,ENSG00000161203
836,BDH1,ENSG00000161267
837,FDXR,ENSG00000161513
838,ACOX1,ENSG00000161533
839,TMEM143,ENSG00000161558
840,NAGS,ENSG00000161653
841,CLPB,ENSG00000162129
842,SLC25A45,ENSG00000162241
843,LRP5,ENSG00000162337
844,COA7,ENSG00000162377
845,PARS2,ENSG00000162396
846,OMA1,ENSG00000162600
847,BRINP3,ENSG00000162670
848,FLVCR1,ENSG00000162769
849,ACP6,ENSG00000162836
850,TFB2M,ENSG00000162851
851,MRPL55,ENSG00000162910
852,DISC1,ENSG00000162946
853,C2orf47,ENSG00000162972
854,SPATA18,ENSG00000163071
855,SMCP,ENSG00000163206
856,DHX57,ENSG00000163214
857,MRPS18C,ENSG00000163319
858,APOA1BP,ENSG00000163382
859,CHCHD4,ENSG00000163528
860,SUCLG1,ENSG00000163541
861,GTPBP8,ENSG00000163607
862,COX18,ENSG00000163626
863,PPM1K,ENSG00000163644
864,ABHD6,ENSG00000163686
865,NMNAT3,ENSG00000163864
866,SLC9B2,ENSG00000164038
867,CCDC51,ENSG00000164051
868,ABCE1,ENSG00000164163
869,NDUFAF2,ENSG00000164182
870,SLC25A46,ENSG00000164209
871,C5orf63,ENSG00000164241
872,NDUFS4,ENSG00000164258
873,PRIMPOL,ENSG00000164306
874,GFM2,ENSG00000164347
875,TERT,ENSG00000164362
876,UQCRQ,ENSG00000164405
877,DACT2,ENSG00000164488
878,PDSS2,ENSG00000164494
879,RPS14,ENSG00000164587
880,CTSB,ENSG00000164733
881,OXR1,ENSG00000164830
882,GPER1,ENSG00000164850
883,FASTK,ENSG00000164896
884,C7orf55,ENSG00000164898
885,ALDH7A1,ENSG00000164904
886,COX6C,ENSG00000164919
887,SLC25A32,ENSG00000164933
888,NUDT2,ENSG00000164978
889,TMEM65,ENSG00000164983
890,LETM2,ENSG00000165046
891,FXN,ENSG00000165060
892,CYBB,ENSG00000165168
893,C9orf89,ENSG00000165233
894,NDUFB6,ENSG00000165264
895,NOL6,ENSG00000165271
896,STOML2,ENSG00000165283
897,PHYHIPL,ENSG00000165443
898,MICU2,ENSG00000165487
899,C10orf10,ENSG00000165507
900,RPUSD4,ENSG00000165526
901,NGB,ENSG00000165553
902,ATP5C1,ENSG00000165629
903,COMTD1,ENSG00000165644
904,GHITM,ENSG00000165678
905,PMPCA,ENSG00000165688
906,METTL17,ENSG00000165792
907,ZFYVE1,ENSG00000165861
908,ISCA2,ENSG00000165898
909,MOAP1,ENSG00000165943
910,SPATA19,ENSG00000166118
911,GPT2,ENSG00000166123
912,BAG5,ENSG00000166170
913,ALKBH3,ENSG00000166199
914,COX11,ENSG00000166260
915,ZNF202,ENSG00000166261
916,NUDT13,ENSG00000166321
917,TPP1,ENSG00000166340
918,IDH3A,ENSG00000166411
919,TK2,ENSG00000166548
920,LDHD,ENSG00000166816
921,GLYATL1,ENSG00000166840
922,CLPX,ENSG00000166855
923,MRPL16,ENSG00000166902
924,C15orf48,ENSG00000166920
925,MARS,ENSG00000166986
926,ACSF2,ENSG00000167107
927,COQ4,ENSG00000167113
928,ENDOG,ENSG00000167136
929,COQ7,ENSG00000167186
930,DUS2,ENSG00000167264
931,ACAA2,ENSG00000167315
932,GPX4,ENSG00000167468
933,GPD1,ENSG00000167588
934,ATCAY,ENSG00000167654
935,GLOD4,ENSG00000167699
936,RILP,ENSG00000167705
937,KLK6,ENSG00000167755
938,NDUFV1,ENSG00000167792
939,NUDT8,ENSG00000167799
940,ICT1,ENSG00000167862
941,ATP5H,ENSG00000167863
942,ECI1,ENSG00000167969
943,VASN,ENSG00000168140
944,DDIT4,ENSG00000168209
945,GLYCTK,ENSG00000168237
946,SMIM4,ENSG00000168273
947,COA6,ENSG00000168275
948,MMADHC,ENSG00000168288
949,PDHB,ENSG00000168291
950,DTYMK,ENSG00000168393
951,TAP1,ENSG00000168394
952,TXNDC2,ENSG00000168454
953,FEN1,ENSG00000168496
954,STAT3,ENSG00000168610
955,NDUFS5,ENSG00000168653
956,SHOX2,ENSG00000168779
957,GFM1,ENSG00000168827
958,LETM1,ENSG00000168924
959,MFF,ENSG00000168958
960,ATP5I,ENSG00000169020
961,UQCRFS1,ENSG00000169021
962,MECP2,ENSG00000169057
963,FAM110B,ENSG00000169122
964,APEX2,ENSG00000169188
965,RAB24,ENSG00000169228
966,PRELID1,ENSG00000169230
967,MRPL1,ENSG00000169288
968,P2RY12,ENSG00000169313
969,NFU1,ENSG00000169599
970,SPNS1,ENSG00000169682
971,FASN,ENSG00000169710
972,BTD,ENSG00000169814
973,P2RY1,ENSG00000169860
974,CDK1,ENSG00000170312
975,UBB,ENSG00000170315
976,GPRC5C,ENSG00000170412
977,NUDT9,ENSG00000170502
978,ACYP2,ENSG00000170634
979,HOXB9,ENSG00000170689
980,CHCHD7,ENSG00000170791
981,TRIAP1,ENSG00000170855
982,NDUFA3,ENSG00000170906
983,NUDT6,ENSG00000170917
984,CCBL1,ENSG00000171097
985,TRMT61B,ENSG00000171103
986,GIMAP8,ENSG00000171115
987,PRKCE,ENSG00000171132
988,NAIF1,ENSG00000171169
989,TMEM126A,ENSG00000171202
990,TMEM126B,ENSG00000171204
991,NPTX1,ENSG00000171246
992,MRPL36,ENSG00000171421
993,NLRP5,ENSG00000171487
994,ETFDH,ENSG00000171503
995,GATM,ENSG00000171766
996,NXNL1,ENSG00000171773
997,RNMTL1,ENSG00000171861
998,PTEN,ENSG00000171862
999,RNASEH1,ENSG00000171865
1000,ATPAF2,ENSG00000171953
1001,QARS,ENSG00000172053
1002,NME6,ENSG00000172113
1003,CYCS,ENSG00000172115
1004,TEFM,ENSG00000172171
1005,MRPL13,ENSG00000172172
1006,BSG,ENSG00000172270
1007,AGXT,ENSG00000172482
1008,FIBP,ENSG00000172500
1009,HCFC1,ENSG00000172534
1010,CHCHD1,ENSG00000172586
1011,MRPL52,ENSG00000172590
1012,METAP1D,ENSG00000172878
1013,DCAKD,ENSG00000172992
1014,COQ2,ENSG00000173085
1015,ACSM6,ENSG00000173124
1016,ADCK5,ENSG00000173137
1017,MRPL57,ENSG00000173141
1018,GLRX,ENSG00000173221
1019,GMPPB,ENSG00000173540
1020,PC,ENSG00000173599
1021,HSPB7,ENSG00000173641
1022,CXorf23,ENSG00000173681
1023,TOMM20,ENSG00000173726
1024,CNP,ENSG00000173786
1025,HAP1,ENSG00000173805
1026,USMG5,ENSG00000173915
1027,MSRB3,ENSG00000174099
1028,TRMT10C,ENSG00000174173
1029,CTU2,ENSG00000174177
1030,DDX23,ENSG00000174243
1031,MRPL11,ENSG00000174547
1032,PABPC5,ENSG00000174740
1033,PDE12,ENSG00000174840
1034,NDUFA11,ENSG00000174886
1035,C19orf70,ENSG00000174917
1036,GK5,ENSG00000175066
1037,TRAF6,ENSG00000175104
1038,MRPS22,ENSG00000175110
1039,PPM1E,ENSG00000175175
1040,PARL,ENSG00000175193
1041,PCCA,ENSG00000175198
1042,ATG13,ENSG00000175224
1043,LIPT2,ENSG00000175536
1044,MRPL48,ENSG00000175581
1045,P2RY2,ENSG00000175591
1046,SUGCT,ENSG00000175600
1047,TMEM70,ENSG00000175606
1048,MLXIP,ENSG00000175727
1049,AURKAIP1,ENSG00000175756
1050,MSRA,ENSG00000175806
1051,CIDEA,ENSG00000176194
1052,COX8A,ENSG00000176340
1053,DNAJC30,ENSG00000176410
1054,SPRYD4,ENSG00000176422
1055,RMDN1,ENSG00000176623
1056,BDNF,ENSG00000176697
1057,ACSF3,ENSG00000176715
1058,BOK,ENSG00000176720
1059,TYMS,ENSG00000176890
1060,PXMP2,ENSG00000176894
1061,FAM210A,ENSG00000177150
1062,PUS1,ENSG00000177192
1063,TIMM22,ENSG00000177370
1064,MIEF2,ENSG00000177427
1065,PTRF,ENSG00000177469
1066,ACAD9,ENSG00000177646
1067,NDUFAF3,ENSG00000178057
1068,BOLA1,ENSG00000178096
1069,NDUFV2,ENSG00000178127
1070,TMEM11,ENSG00000178307
1071,GLDC,ENSG00000178445
1072,COX14,ENSG00000178449
1073,SLC25A20,ENSG00000178537
1074,ERBB4,ENSG00000178568
1075,ERN1,ENSG00000178607
1076,DHFRL1,ENSG00000178700
1077,COX5A,ENSG00000178741
1078,TUFM,ENSG00000178952
1079,CYC1,ENSG00000179091
1080,TCAIM,ENSG00000179152
1081,GADD45GIP1,ENSG00000179271
1082,PTPN11,ENSG00000179295
1083,PACS2,ENSG00000179364
1084,PLD6,ENSG00000179598
1085,C14orf119,ENSG00000179933
1086,PUF60,ENSG00000179950
1087,PSTK,ENSG00000179988
1088,ZADH2,ENSG00000180011
1089,TH,ENSG00000180176
1090,FAHD1,ENSG00000180185
1091,HCLS1,ENSG00000180353
1092,D2HGDH,ENSG00000180902
1093,ST20,ENSG00000180953
1094,MRPL14,ENSG00000180992
1095,SLC25A42,ENSG00000181035
1096,HIGD1A,ENSG00000181061
1097,DHTKD1,ENSG00000181192
1098,MRPS23,ENSG00000181610
1099,IBA57,ENSG00000181873
1100,ADO,ENSG00000181915
1101,COA4,ENSG00000181924
1102,MRPS11,ENSG00000181991
1103,TNRC18,ENSG00000182095
1104,TDRKH,ENSG00000182134
1105,ERCC6L2,ENSG00000182150
1106,MRPL41,ENSG00000182154
1107,MRPS16,ENSG00000182180
1108,LIPF,ENSG00000182333
1109,DAOA,ENSG00000182346
1110,YBEY,ENSG00000182362
1111,CLN8,ENSG00000182372
1112,GLRX5,ENSG00000182512
1113,TRAK1,ENSG00000182606
1114,TTC3,ENSG00000182670
1115,CMC4,ENSG00000182712
1116,DDX28,ENSG00000182810
1117,ACBD3,ENSG00000182827
1118,RPL35A,ENSG00000182899
1119,PYCR1,ENSG00000183010
1120,SLC25A21,ENSG00000183032
1121,ABAT,ENSG00000183044
1122,SMDT1,ENSG00000183172
1123,COA5,ENSG00000183513
1124,SERHL2,ENSG00000183569
1125,TANGO2,ENSG00000183597
1126,SFXN4,ENSG00000183605
1127,MRPL54,ENSG00000183617
1128,NDUFB1,ENSG00000183648
1129,AIFM3,ENSG00000183773
1130,MAATS1,ENSG00000183833
1131,COA3,ENSG00000183978
1132,DIABLO,ENSG00000184047
1133,ADAP2,ENSG00000184060
1134,UQCR10,ENSG00000184076
1135,SLIT3,ENSG00000184347
1136,TOP1MT,ENSG00000184428
1137,TMEM173,ENSG00000184584
1138,SNN,ENSG00000184602
1139,NDUFA12,ENSG00000184752
1140,APOO,ENSG00000184831
1141,TMEM186,ENSG00000184857
1142,IMMP2L,ENSG00000184903
1143,NDUFA6,ENSG00000184983
1144,SIVA1,ENSG00000184990
1145,BRI3BP,ENSG00000184992
1146,PARK2,ENSG00000185345
1147,MRPL30,ENSG00000185414
1148,MRPL40,ENSG00000185608
1149,NAT8L,ENSG00000185818
1150,BCAP31,ENSG00000185825
1151,THNSL1,ENSG00000185875
1152,TMLHE,ENSG00000185973
1153,NDUFA13,ENSG00000186010
1154,KRT5,ENSG00000186081
1155,WWOX,ENSG00000186153
1156,GPAT2,ENSG00000186281
1157,PPP1CC,ENSG00000186298
1158,PRELID2,ENSG00000186314
1159,PDE2A,ENSG00000186642
1160,LYRM7,ENSG00000186687
1161,PTRH1,ENSG00000187024
1162,CMC1,ENSG00000187118
1163,COX8C,ENSG00000187581
1164,SECISBP2,ENSG00000187742
1165,LIN28B,ENSG00000187772
1166,TMEM256-PLSCR3,ENSG00000187838
1167,PLA2G2A,ENSG00000188257
1168,C15orf62,ENSG00000188277
1169,NBR1,ENSG00000188554
1170,CLN3,ENSG00000188603
1171,ASAH2,ENSG00000188611
1172,UROS,ENSG00000188690
1173,FSIP2,ENSG00000188738
1174,LRRK2,ENSG00000188906
1175,TRMT2B,ENSG00000188917
1176,NDUFA4,ENSG00000189043
1177,FHIT,ENSG00000189283
1178,BLOC1S2,ENSG00000196072
1179,TDRD7,ENSG00000196116
1180,ACADSB,ENSG00000196177
1181,XPNPEP3,ENSG00000196236
1182,NIF3L1,ENSG00000196290
1183,ATP2A1,ENSG00000196296
1184,GIMAP5,ENSG00000196329
1185,LONP1,ENSG00000196365
1186,THEM5,ENSG00000196407
1187,YRDC,ENSG00000196449
1188,FAM72A,ENSG00000196550
1189,ACN9,ENSG00000196636
1190,TOMM7,ENSG00000196683
1191,HSH2D,ENSG00000196684
1192,GM2A,ENSG00000196743
1193,PPTC7,ENSG00000196850
1194,TOMM20L,ENSG00000196860
1195,CASP4,ENSG00000196954
1196,ANXA6,ENSG00000197043
1197,SLC25A29,ENSG00000197119
1198,ABCB8,ENSG00000197150
1199,SND1,ENSG00000197157
1200,SLC22A4,ENSG00000197208
1201,KANK2,ENSG00000197256
1202,FITM2,ENSG00000197296
1203,MRPL21,ENSG00000197345
1204,HTT,ENSG00000197386
1205,GSTK1,ENSG00000197448
1206,BCO2,ENSG00000197580
1207,MYH6,ENSG00000197616
1208,PSAP,ENSG00000197746
1209,MYO1C,ENSG00000197879
1210,ADH5,ENSG00000197894
1211,SPG7,ENSG00000197912
1212,DNM3,ENSG00000197959
1213,MRPL42,ENSG00000198015
1214,Mar-05,ENSG00000198060
1215,HIBCH,ENSG00000198130
1216,MGEA5,ENSG00000198408
1217,TXNRD1,ENSG00000198431
1218,PLN,ENSG00000198523
1219,TAT,ENSG00000198650
1220,SLC9A6,ENSG00000198689
1221,ECI2,ENSG00000198721
1222,SMURF1,ENSG00000198742
1223,RPL10A,ENSG00000198755
1224,MTOR,ENSG00000198793
1225,LRRC10,ENSG00000198812
1226,OPA1,ENSG00000198836
1227,NOS1AP,ENSG00000198929
1228,KIAA1279,ENSG00000198954
1229,TGM2,ENSG00000198959
1230,COX20,ENSG00000203667
1231,TATDN3,ENSG00000203705
1232,GLYATL3,ENSG00000203972
1233,NEU4,ENSG00000204099
1234,GDF5OS,ENSG00000204183
1235,TXNDC8,ENSG00000204193
1236,HSD17B8,ENSG00000204228
1237,OXLD1,ENSG00000204237
1238,MRPL38,ENSG00000204316
1239,MCCD1,ENSG00000204511
1240,C6orf136,ENSG00000204564
1241,MRPS18B,ENSG00000204568
1242,TRIM39,ENSG00000204599
1243,TRIM31,ENSG00000204616
1244,GNB2L1,ENSG00000204628
1245,MRPL53,ENSG00000204822
1246,UQCC3,ENSG00000204922
1247,SDHAF1,ENSG00000205138
1248,LYRM5,ENSG00000205707
1249,DNLZ,ENSG00000213221
1250,QTRT1,ENSG00000213339
1251,ARL2,ENSG00000213465
1252,NDUFS3,ENSG00000213619
1253,SLC35F6,ENSG00000213699
1254,NUDT19,ENSG00000213965
1255,CARKD,ENSG00000213995
1256,MRPL23,ENSG00000214026
1257,LYRM4,ENSG00000214113
1258,MYCBP,ENSG00000214114
1259,FIS1,ENSG00000214253
1260,AS3MT,ENSG00000214435
1261,PLIN5,ENSG00000214456
1262,TOMM6,ENSG00000214736
1263,METTL12,ENSG00000214756
1264,C22orf29,ENSG00000215012
1265,FASTKD5,ENSG00000215251
1266,DDX3X,ENSG00000215301
1267,SIAH3,ENSG00000215475
1268,TSTD1,ENSG00000215845
1269,PAM16,ENSG00000217930
1270,CEBPZOS,ENSG00000218739
1271,FANCG,ENSG00000221829
1272,ZBED8,ENSG00000221886
1273,C17orf89,ENSG00000224877
1274,NOL7,ENSG00000225921
1275,PARG,ENSG00000227345
1276,AKR1B15,ENSG00000227471
1277,PET100,ENSG00000229833
1278,LINC00493,ENSG00000232388
1279,PET117,ENSG00000232838
1280,GPX1,ENSG00000233276
1281,MRPS17,ENSG00000239789
1282,ADSL,ENSG00000239900
1283,COX19,ENSG00000240230
1284,ACAD11,ENSG00000240303
1285,ATP5J2,ENSG00000241468
1286,ATP5O,ENSG00000241837
1287,PISD,ENSG00000241878
1288,HOGA1,ENSG00000241935
1289,AMACR,ENSG00000242110
1290,MTFP1,ENSG00000242114
1291,MRPL20,ENSG00000242485
1292,MRPL33,ENSG00000243147
1293,C7orf73,ENSG00000243317
1294,PLA2G4B,ENSG00000243708
1295,MRPS6,ENSG00000243927
1296,NFS1,ENSG00000244005
1297,PGAM5,ENSG00000247077
1298,MARS2,ENSG00000247626
1299,BCKDHA,ENSG00000248098
1300,PRODH2,ENSG00000250799
1301,PINX1,ENSG00000254093
1302,ARMS2,ENSG00000254636
1303,MPV17L2,ENSG00000254858
1304,RPP14,ENSG00000255154
1305,RP11-234B24.6,ENSG00000255639
1306,APOPT1,ENSG00000256053
1307,POLG2,ENSG00000256525
1308,PDF,ENSG00000258429
1309,TGIF2-C20orf24,ENSG00000259399
1310,MRPL46,ENSG00000259494
1311,BLID,ENSG00000259571
1312,RP11-1021N1.1,ENSG00000261130
1313,MRPL12,ENSG00000262814
1314,IKBKE,ENSG00000263528
1315,TXNIP,ENSG00000265972
1316,SRGAP2,ENSG00000266028
1317,MRPS21,ENSG00000266472
1318,FDX1L,ENSG00000267673
1319,SLC25A53,ENSG00000269743
1320,RP1-309K20.6,ENSG00000272897
1321,WBSCR16,ENSG00000274523
1322,PSMB3,ENSG00000277791
1323,CISD3,ENSG00000277972
1324,MYO19,ENSG00000278259
1325,MRM1,ENSG00000278619
1326,ELN,ENSG00000049540
1327,MT3,ENSG00000087250
1328,NEFH,ENSG00000100285
1329,BBC3,ENSG00000105327
1330,ARGLU1,ENSG00000134884
1331,DIAPH2,ENSG00000147202
1332,HDGFRP2,ENSG00000167674
1333,MOBP,ENSG00000168314
1334,NELFE,ENSG00000204356
1335,MTRF1L,ENSG00000112031
1336,MTRF1,ENSG00000120662
1337,ARMC10,ENSG00000170632
1338,ARMCX3,ENSG00000102401
1339,SCO1,ENSG00000133028
1340,SCO2,ENSG00000130489
1341,GRPEL1,ENSG00000109519
1342,GRPEL2,ENSG00000164284
1343,ABCA8,ENSG00000141338
1344,ABCA9,ENSG00000154258
1345,ABCD1,ENSG00000101986
1346,ABCD2,ENSG00000173208
1347,ACACB,ENSG00000076555
1348,ACO1,ENSG00000122729
1349,ACSL1,ENSG00000151726
1350,ACSL3,ENSG00000123983
1351,ACSL4,ENSG00000068366
1352,ACSL5,ENSG00000197142
1353,ACSL6,ENSG00000164398
1354,ACSM1,ENSG00000166743
1355,ACSM2A,ENSG00000183747
1356,ACSM2B,ENSG00000066813
1357,ACSM3,ENSG00000005187
1358,ACSM4,ENSG00000215009
1359,ACSM5,ENSG00000183549
1360,ADCK3,ENSG00000163050
1361,ADCK4,ENSG00000123815
1362,AGK,ENSG00000006530
1363,AK3,ENSG00000147853
1364,AK4,ENSG00000162433
1365,AKT1,ENSG00000142208
1366,AL021546.6,ENSG00000111780
1367,ALAS1,ENSG00000023330
1368,ALAS2,ENSG00000158578
1369,ALDH1B1,ENSG00000137124
1370,ALDH1L1,ENSG00000144908
1371,ALDH1L2,ENSG00000136010
1372,ALDH2,ENSG00000111275
1373,AP002884.2,ENSG00000255292
1374,ARAF,ENSG00000078061
1375,ARMC10,ENSG00000170632
1376,ARMCX3,ENSG00000102401
1377,ATAD3A,ENSG00000197785
1378,ATAD3B,ENSG00000160072
1379,ATP5E,ENSG00000124172
1380,ATP5EP2,ENSG00000180389
1381,ATP5G1,ENSG00000159199
1382,ATP5G2,ENSG00000135390
1383,ATP5G3,ENSG00000154518
1384,ATP5L,ENSG00000167283
1385,ATP5L2,ENSG00000249222
1386,ATXN3,ENSG00000066427
1387,ATXN3L,ENSG00000123594
1388,AUH,ENSG00000148090
1389,BCAT1,ENSG00000060982
1390,BCAT2,ENSG00000105552
1391,BCL2,ENSG00000171791
1392,BCL2L1,ENSG00000171552
1393,BCL2L2,ENSG00000129473
1394,BDH1,ENSG00000161267
1395,BRAF,ENSG00000157764
1396,CA5A,ENSG00000174990
1397,CA5B,ENSG00000169239
1398,CDK7,ENSG00000134058
1399,CHCHD10,ENSG00000250479
1400,CISD1,ENSG00000122873
1401,CISD2,ENSG00000145354
1402,CKB,ENSG00000166165
1403,CKMT1A,ENSG00000223572
1404,CKMT1B,ENSG00000237289
1405,CKMT2,ENSG00000131730
1406,CLIC1,ENSG00000213719
1407,CLIC4,ENSG00000169504
1408,COQ10A,ENSG00000135469
1409,COQ10B,ENSG00000115520
1410,COX16,ENSG00000133983
1411,COX6A1,ENSG00000111775
1412,COX6A2,ENSG00000156885
1413,COX6B1,ENSG00000126267
1414,COX6B2,ENSG00000160471
1415,COX7A1,ENSG00000161281
1416,COX7A2,ENSG00000112695
1417,COX7A2L,ENSG00000115944
1418,COX7B,ENSG00000131174
1419,COX7B2,ENSG00000170516
1420,COX8C,ENSG00000187581
1421,CPT1A,ENSG00000110090
1422,CPT1B,ENSG00000205560
1423,CPT1C,ENSG00000169169
1424,CRY1,ENSG00000008405
1425,CRY2,ENSG00000121671
1426,CYB5A,ENSG00000166347
1427,CYB5B,ENSG00000103018
1428,CYB5R1,ENSG00000159348
1429,CYB5R2,ENSG00000166394
1430,CYB5R3,ENSG00000100243
1431,CYP11B1,ENSG00000160882
1432,CYP11B2,ENSG00000179142
1433,CYP2D6,ENSG00000100197
1434,DDAH1,ENSG00000153904
1435,DDAH2,ENSG00000213722
1436,DHRS2,ENSG00000100867
1437,DHRS4,ENSG00000157326
1438,DNAJA3,ENSG00000103423
1439,DNAJC15,ENSG00000120675
1440,DNAJC19,ENSG00000205981
1441,ECHDC2,ENSG00000121310
1442,ETNPPL,ENSG00000164089
1443,FGR,ENSG00000000938
1444,FUNDC1,ENSG00000069509
1445,FUNDC2,ENSG00000165775
1446,FYN,ENSG00000010810
1447,GATC,ENSG00000257218
1448,GBAS,nan
1449,GK,ENSG00000198814
1450,GK2,ENSG00000196475
1451,GLS,ENSG00000115419
1452,GLS2,ENSG00000135423
1453,GLUD1,ENSG00000148672
1454,GLUD2,ENSG00000182890
1455,GRPEL1,ENSG00000109519
1456,GRPEL2,ENSG00000164284
1457,HK1,ENSG00000156515
1458,HK2,ENSG00000159399
1459,HK3,ENSG00000160883
1460,HSD17B8,ENSG00000204228
1461,HSD3B1,ENSG00000203857
1462,HSD3B2,ENSG00000203859
1463,HSP90AA1,ENSG00000080824
1464,HSP90AB1,ENSG00000096384
1465,HSPA1A,ENSG00000204389
1466,HSPA1B,ENSG00000204388
1467,HSPA1L,ENSG00000204390
1468,HSPA2,ENSG00000126803
1469,HSPA5,ENSG00000044574
1470,HSPA9,ENSG00000113013
1471,IDH1,ENSG00000138413
1472,IDH2,ENSG00000182054
1473,IDH3B,ENSG00000101365
1474,IDH3G,ENSG00000067829
1475,IREB2,ENSG00000136381
1476,KCNJ11,ENSG00000187486
1477,KCNJ8,ENSG00000121361
1478,KCTD14,ENSG00000151364
1479,KIAA0391,ENSG00000100890
1480,LDHA,ENSG00000134333
1481,LDHB,ENSG00000111716
1482,LYN,ENSG00000254087
1483,MAOA,ENSG00000189221
1484,MAOB,ENSG00000069535
1485,MAP2K1,ENSG00000169032
1486,MAP2K2,ENSG00000126934
1487,MAPK1,ENSG00000100030
1488,MAPK10,ENSG00000109339
1489,MAPK12,ENSG00000188130
1490,MAPK14,ENSG00000112062
1491,MAPK3,ENSG00000102882
1492,MAPK8,ENSG00000107643
1493,MAPK9,ENSG00000050748
1494,MCCD1,ENSG00000204511
1495,ME1,ENSG00000065833
1496,ME2,ENSG00000082212
1497,ME3,ENSG00000151376
1498,MFN1,ENSG00000171109
1499,MFN2,ENSG00000116688
1500,MINOS1,nan
1501,MLXIP,ENSG00000175727
1502,MOAP1,ENSG00000165943
1503,MPST,ENSG00000128309
1504,MRPS18B,ENSG00000204568
1505,MRPS36,ENSG00000134056
1506,MTG1,ENSG00000148824
1507,MTHFD1,ENSG00000100714
1508,MTHFD1L,ENSG00000120254
1509,MTHFD2,ENSG00000065911
1510,MTHFD2L,ENSG00000163738
1511,MTRF1,ENSG00000120662
1512,MTRF1L,ENSG00000112031
1513,MYOM2,ENSG00000036448
1514,NDUFA10,ENSG00000130414
1515,NDUFA3,ENSG00000170906
1516,NDUFA6,ENSG00000184983
1517,NDUFA7,ENSG00000267855
1518,NDUFB8,ENSG00000166136
1519,NDUFC2,ENSG00000151366
1520,NDUFC2-KCTD14,ENSG00000259112
1521,NIPSNAP1,ENSG00000184117
1522,NME1,ENSG00000239672
1523,NME1-NME2,ENSG00000011052
1524,NME2,ENSG00000243678
1525,NME3,ENSG00000103024
1526,NME4,ENSG00000103202
1527,NT5C,ENSG00000125458
1528,NT5M,ENSG00000205309
1529,OAS1,ENSG00000089127
1530,OAS2,ENSG00000111335
1531,OGDH,ENSG00000105953
1532,OGDHL,ENSG00000197444
1533,OXCT1,ENSG00000083720
1534,OXCT2,ENSG00000198754
1535,PAM16,ENSG00000217930
1536,PDHA1,ENSG00000131828
1537,PDHA2,ENSG00000163114
1538,PDK1,ENSG00000152256
1539,PDK2,ENSG00000005882
1540,PDK3,ENSG00000067992
1541,PDK4,ENSG00000004799
1542,PDP1,ENSG00000164951
1543,PDP2,ENSG00000172840
1544,PHYKPL,ENSG00000175309
1545,PMPCB,ENSG00000105819
1546,PRDX1,ENSG00000117450
1547,PRDX3,ENSG00000165672
1548,PRDX4,ENSG00000123131
1549,PRKCA,ENSG00000154229
1550,PRKCD,ENSG00000163932
1551,PSEN1,ENSG00000080815
1552,PSEN2,ENSG00000143801
1553,PUF60,ENSG00000179950
1554,RAB11A,ENSG00000103769
1555,RAB11B,ENSG00000185236
1556,RAB1B,ENSG00000174903
1557,RAB35,ENSG00000111737
1558,RAB3D,ENSG00000105514
1559,RAB4B,ENSG00000167578
1560,RAB8B,ENSG00000166128
1561,RAF1,ENSG00000132155
1562,RDH13,ENSG00000160439
1563,RHOT1,ENSG00000126858
1564,RHOT2,ENSG00000140983
1565,RNF185,ENSG00000138942
1566,RNF5,ENSG00000204308
1567,RP11-108K14.8,ENSG00000254536
1568,RP11-286N22.8,ENSG00000256591
1569,RP11-613M10.8,ENSG00000256966
1570,SCO1,ENSG00000133028
1571,SCO2,ENSG00000284194
1572,SDHAF2,ENSG00000167985
1573,SDHD,ENSG00000204370
1574,SDS,ENSG00000135094
1575,SDSL,ENSG00000139410
1576,SFXN1,ENSG00000164466
1577,SFXN2,ENSG00000156398
1578,SFXN3,ENSG00000107819
1579,SGK1,ENSG00000118515
1580,SHMT1,ENSG00000176974
1581,SHMT2,ENSG00000182199
1582,SLC25A10,ENSG00000183048
1583,SLC25A12,ENSG00000115840
1584,SLC25A13,ENSG00000004864
1585,SLC25A14,ENSG00000102078
1586,SLC25A15,ENSG00000102743
1587,SLC25A18,ENSG00000182902
1588,SLC25A2,ENSG00000120329
1589,SLC25A22,ENSG00000177542
1590,SLC25A23,ENSG00000125648
1591,SLC25A24,ENSG00000085491
1592,SLC25A25,ENSG00000148339
1593,SLC25A28,ENSG00000155287
1594,SLC25A30,ENSG00000174032
1595,SLC25A31,ENSG00000151475
1596,SLC25A33,ENSG00000171612
1597,SLC25A36,ENSG00000114120
1598,SLC25A37,ENSG00000147454
1599,SLC25A39,ENSG00000013306
1600,SLC25A4,ENSG00000151729
1601,SLC25A40,ENSG00000075303
1602,SLC25A5,ENSG00000005022
1603,SLC25A6,ENSG00000169100
1604,SLC27A3,ENSG00000143554
1605,SLMO1,ENSG00000141391
1606,SLMO2,ENSG00000101166
1607,SMDT1,ENSG00000183172
1608,SNCA,ENSG00000145335
1609,SNCB,ENSG00000074317
1610,SRC,ENSG00000197122
1611,SSBP1,ENSG00000106028
1612,SUCLA2,ENSG00000136143
1613,SUCLG2,ENSG00000172340
1614,SURF1,ENSG00000148290
1615,SYNJ2BP,ENSG00000213463
1616,TIMM10B,ENSG00000132286
1617,TIMM17A,ENSG00000134375
1618,TIMM17B,ENSG00000126768
1619,TIMM22,ENSG00000177370
1620,TIMM23B,ENSG00000204152
1621,TOMM40,ENSG00000130204
1622,TOMM40L,ENSG00000158882
1623,TOMM5,ENSG00000175768
1624,TRIM31,ENSG00000204616
1625,TRIM39,ENSG00000204599
1626,TST,ENSG00000128311
1627,TXNRD1,ENSG00000198431
1628,TXNRD2,ENSG00000184470
1629,UCP1,ENSG00000109424
1630,UCP2,ENSG00000175567
1631,UCP3,ENSG00000175564
1632,UQCR11,ENSG00000127540
1633,UQCRC1,ENSG00000010256
1634,VARS,ENSG00000204394
1635,VARS2,ENSG00000137411
1636,VDAC1,ENSG00000213585
1637,VDAC2,ENSG00000165637
1638,VDAC3,ENSG00000078668
1639,YWHAE,ENSG00000108953
1640,YWHAZ,ENSG00000164924
